AAA,0.4943700000000001
ACB,4.401366
ACVII,0.005628
AD,0.161114
ADP,0.09953
AHN,0.7105940000000002
AON,4.863404000000001
AP,0.052784
APN,1.2760240000000005
APr,0.326634
AQ,0.405256
ARH,0.284936
ASO,0.006214
AT,0.043064
AV,0.4156040000000001
AVP,0.092556
AVPV,0.181184
Acs5,0.013912
B,0.015566
BA,0.024958
BAC,0.007756
BST,1.3407020000000005
CA1-unassigned,6.000000000000001e-06
CA3-unassigned,2.0000000000000003e-06
CB-unassigned,0.8292620000000002
CL,0.360936
CLA,0.5507380000000001
CLI,0.083176
CM,0.24957
COAa,0.7674760000000002
COPY,2.5061600000000004
CP,26.018770000000004
CS,0.6016520000000001
CTXsp-unassigned,0.3722440000000001
CU,0.333124
CUN,0.5514280000000001
DCO,0.6121960000000001
DEC,3.3347480000000007
DMH,0.376062
DMX,0.174194
DN,0.334984
DP,0.5047200000000001
DR,0.152892
DT,0.011452
DTN,0.103734
ECU,0.204724
EPd,1.819782
EPv,0.9727220000000002
EW,0.025458
Eth,0.235712
FC,0.06221
FL,1.3372660000000005
FN,0.502036
FOTU,1.0533980000000005
FS,0.428468
GPe,1.5648160000000002
GPi,0.423578
GR,0.081624
GRN,2.6237540000000004
HATA,0.42178
HPF-unassigned,0.4210340000000001
HY-unassigned,2.7593600000000005
I5,0.044504
IA,0.182714
IAD,0.111558
IAM,0.043372
ICB,0.053468
IF,0.086796
IG,0.12569
IGL,0.06842
III,0.032532
IIIn-unassigned,0.007824
IIn-unassigned,0.070278
IMD,0.17641
IO,0.511758
IP,0.8598740000000001
IPN-unassigned,0.01105
IRN,2.7774780000000003
ISN,0.007224
IV,0.007258
IVn,0.006804
IntG,0.0225
LA,0.8402880000000001
LAV,0.287566
LC,0.014486
LD,1.0164840000000002
LDT,0.203476
LGv,0.405742
LH,0.3447180000000001
LHA,2.0645080000000005
LIN,0.061296
LING,0.121628
LM,0.077444
LP,1.200686
LPO,0.5599760000000001
LSc,0.5636010000000001
LSr,1.881915
LSv,0.6072360000000001
LT,0.017884
MA,0.364276
MA3,0.016356
MARN,0.5333320000000001
MB-unassigned,6.762882000000001
MD,1.38339
ME,0.08155
MEA,2.028582000000001
MEPO,0.04026
MH,0.320028
MOB-unassigned,4.298904
MPN,0.40642
MPO,0.5555300000000001
MPT,0.043788
MRN,5.143256000000001
MS,0.4151680000000001
MT,0.043358
MV,1.81714
MY-unassigned,5.319496000000001
NB,0.087926
NDB,0.7399320000000001
NI,0.10823
NLL,0.7237840000000001
NOD,1.5190980000000005
NOT,0.20548
NPC,0.289708
NR,0.029992
NTB,0.154456
NTS,0.8488280000000001
OLF-unassigned,5.018622000000001
OP,0.058126
OT,3.823686000000001
OV,0.008664
P-unassigned,3.6021080000000008
P5,0.321414
PA,0.966658
PAA,1.191612
PAG-unassigned,4.308874
PAL-unassigned,1.1256200000000005
PAR,0.932876
PARN,2.2306140000000005
PAS,0.027908
PB-unassigned,0.946458
PBG,0.044764
PC5,0.070708
PCG,0.5414220000000001
PCN,0.238112
PD,0.011666
PDTg,0.048028
PF,0.4859940000000001
PFL,5.729140000000001
PG,0.9650460000000002
PGRNd,0.239308
PGRNl,0.7076940000000002
PH,0.7071140000000001
PIL,0.175644
PIR,11.566814000000004
PMd,0.13221
PMv,0.195022
PN,0.021736
PO,1.2526180000000002
POL,0.20549
POST,1.084318
PP,0.061144
PPN,0.8924860000000001
PPT,0.14483
PPY,0.094476
PR,0.151324
PRE,0.91669
PRM,4.883222000000001
PRNc,2.349048
PRNr,2.3630540000000004
PRP,0.244038
PS,0.09667
PST,0.012456
PSTN,0.166506
PSV,1.1060760000000005
PT,0.229952
PVH,0.18875
PVHd,0.130642
PVT,0.4444840000000001
PVa,0.050782
PVi,0.205036
PVp,0.124558
PVpo,0.147648
PYR,1.2480180000000003
Pa4,0.016166
Pa5,0.102634
PeF,0.214254
PoT,0.2796020000000001
ProS,1.3281580000000002
RCH,0.15033
RE,0.423954
RH,0.090694
RL,0.055234
RM,0.116932
RN,0.7877660000000001
RO,0.03999
RPA,0.066614
RPF,0.062168
RPO,0.09717
RR,0.137776
RT,1.4473600000000002
SAG,0.09819
SBPV,0.1094
SCH,0.065776
SCO,0.014478
SEZ,0.136484
SF,0.474314
SFO,0.020716
SG,0.01736
SGN,0.180892
SH,0.036996
SI,3.0271120000000007
SIM,5.696048000000001
SLC,0.026734
SLD,0.047212
SMT,0.306336
SNc,0.196792
SNr,1.5499760000000002
SO,0.046946
SPA,0.132628
SPFm,0.070074
SPFp,0.134918
SPIV,0.7490660000000001
SPVC,1.6809020000000003
SPVI,1.8483860000000003
SPVO,0.9963700000000002
STN,0.1946
STR-unassigned,2.6778220000000004
SUB,2.0973940000000004
SUM,0.254722
SUT,0.2596
SUV,0.353694
SubG,0.02686
TH-unassigned,0.9197800000000002
TMd,0.035706
TMv,0.107802
TR,1.4047220000000002
TRN,0.6896640000000002
TRS,0.35585
TU,0.5232160000000001
UVU,2.1915340000000003
V,0.3547580000000001
V3-unassigned,0.8911880000000002
V4-unassigned,0.499566
V4r,0.4616800000000001
VAL,0.8170440000000001
VCO,1.0170860000000002
VI,0.030332
VII,0.916898
VIIn-unassigned,0.079034
VL-unassigned,2.1515540000000004
VLPO,0.065426
VM,0.9287300000000002
VMH,0.5494540000000001
VMPO,0.050128
VPL,0.8756740000000002
VPLpc,0.098824
VPM,1.6446600000000002
VPMpc,0.215258
VTA,0.428618
VTN,0.03753
VeCB,0.085146
XII,0.282642
Xi,0.087666
ZI-unassigned,1.5589280000000003
arb,6.920358000000001
brain-unassigned,3.5643200000000004
c,0.000432
cbc,0.066936
chpl,1.4460320000000002
cst-unassigned,0.084216
fiber tracts-unassigned,1.5505920000000002
rust-unassigned,0.56849
scwm-unassigned,1.9622300000000004
unassigned,697.7832140000002
von,0.013428
x,0.057052
y,0.023476
SCig,2.037504
IPN,0.01105
eps,0.112364
AUDp,0.374988
AUDp6b,0.055246
SSp-tr1,0.20564
fiber tracts,1.5505920000000002
VISC4,0.18133
AUDd,0.196898
ACAd5,1.1975220000000002
onl,4.151772000000001
AN,5.693780000000001
AUDv,0.28531
nst,0.112364
MOs6a,2.377730000000001
AUDv5,0.6046680000000001
SSp-ul6b,0.073244
AUDpo,0.112688
SSp-ll1,0.299572
SSs4,1.167164
SSp-bfd6a,1.2960440000000002
AId,0.459546
tspc,0.504314
ECT6b,0.059352
VISam6a,0.13862
SSp-bfd4,1.2816040000000002
SOCm,0.195214
tspd,4.000000000000001e-06
ILA6a,0.205076
ANcr1,5.693780000000001
GU,0.196246
VISC5,0.7064340000000001
dtd,0.005998
SSp-bfd6b,0.146554
ANcr2,5.111852000000001
VISam2/3,0.206952
SSp-bfd5,1.2080380000000002
DG-mo,4.306954000000001
DG-po,0.6915020000000001
MGd,0.17309
VISal1,0.117892
MGv,0.276444
ILA6b,0.010828
MOs6b,0.073586
SSp-tr4,0.152746
MGm,0.25031
HPF,0.4210340000000001
SSs5,2.185516
"CUL4, 5",6.7257760000000015
em,0.119044
SSp-ll4,0.272824
AMd,0.24427
HY,2.7593600000000005
MDRNd,1.1051640000000005
AId5,1.5095860000000003
SSp-m6a,1.6516800000000005
AMv,0.166352
VISC2/3,0.5398120000000001
MDRNv,0.93113
ccg,0.8293660000000002
AIp,0.4220380000000001
SSp-tr5,0.353006
VISal4,0.104152
gVIIn,0.029028
ENTl1,0.9791420000000002
icp,0.7225220000000001
ORBvl5,0.619944
TEa2/3,0.7015960000000001
SSp-ll5,0.5552600000000001
SSp-ll2/3,0.6465720000000001
NLOT3,0.058396
SOCl,0.337494
och,0.311072
AIv,0.248482
AIp1,0.4220380000000001
VISl6b,0.03824
POR,0.365934
KF,0.175206
opt,0.6973280000000002
AM,0.24427
V3,0.8911880000000002
PL6b,0.021368
AMB,0.021208
ENTl5,1.4287740000000002
AMBv,0.02188
V4,0.499566
GU4,0.14663
AOB,0.154454
AUDd6a,0.184538
pc,0.05246
AIp2/3,0.8036440000000001
SCiw,2.0898100000000004
LGd,0.207304
PL1,0.5238340000000001
GU2/3,0.4019480000000001
SSp-un,0.16624
SSp-un1,0.16624
SSp-un2/3,0.331476
SSp-un4,0.18793
SSp-un5,0.257978
SSp-un6a,0.294142
SSp-un6b,0.024566
FRP,0.25652
GU5,0.5453180000000001
AOBgl,0.154454
py,0.5607300000000001
AOBgr,0.1573
pyd,0.06735
SSp-m6b,0.114254
ENTl2,1.6044160000000005
SSp-bfd2/3,1.5160400000000005
AOBmi,0.276742
ACAd2/3,0.6043140000000001
MOBgr,5.183936000000001
MOBipl,1.0368940000000002
sV,0.6962780000000001
VISal5,0.202942
TEa4,0.312818
LRN,0.512858
MOBmi,1.071622
ts,0.009312
AUDd6b,0.03046
MOBopl,5.0435680000000005
AUDpo6a,0.079384
AUDp2/3,0.472208
AUDd5,0.343066
VISpm6a,0.151974
SCdg,1.1948280000000002
NLOT1,0.111502
NLOT2,0.149582
VISpl2/3,0.20515
RSPd6a,0.7566940000000001
RSPagl6b,0.034362
ENTl6a,1.0486760000000002
VISam1,0.136038
ORBvl2/3,0.5233160000000001
TEa5,0.9492320000000002
SCm,1.1948280000000002
BLA,0.7696100000000001
ACAv2/3,0.5022740000000001
st,0.333386
SCs,0.6423880000000001
BLAa,0.7696100000000001
PL2/3,0.420622
VISp6b,0.164472
BLAp,0.7112360000000001
VISa,0.239674
VISa1,0.239674
VISa2/3,0.4267180000000001
VISa4,0.1548
VISa5,0.355238
VISa6a,0.223374
VISa6b,0.03936
VISli,0.074152
VISli1,0.074152
VISli2/3,0.117252
VISli4,0.057256
VISli5,0.147946
VISli6a,0.079344
VISli6b,0.016136
VISrl1,0.17074
VISrl2/3,0.27639
VISrl4,0.146294
VISrl5,0.244294
VISrl6a,0.151428
VISrl6b,0.028518
VISpor,0.249644
VISpor1,0.249644
VISpor2/3,0.3739720000000001
VISpor4,0.060632
VISpor5,0.385168
VISpor6a,0.180262
VISpor6b,0.032726
MB,6.762882000000001
AIp6a,0.435738
Isocortex,0.25652
BMA,0.7674220000000002
MOp1,1.3289820000000003
scp,0.453604
BMAa,0.7674220000000002
AId2/3,0.925512
SSp-bfd,0.8395000000000001
VISp6a,1.0708640000000005
RSPd6b,0.03101
BMAp,0.7177660000000001
PERI6a,0.053894
csc,0.027886
SSp-ll,0.299572
AIp5,0.7525760000000001
SSp-m,0.7806120000000001
sup,0.025028
SSp-n,0.4043260000000001
MY,5.319496000000001
AIp6b,0.02063
GU1,0.196246
SSp-tr,0.20564
PL5,0.979438
PERI6b,0.013148
SSp-ul,0.45982
VISpl6a,0.107274
SSs,1.2380640000000005
cuf,0.022312
CA1,6.000000000000001e-06
VISp,1.2634300000000005
ACAd,0.6058540000000001
CA1slm,1.925778
VISpl6b,0.008802
VISam,0.136038
MDRN,1.1051640000000005
vtd,0.03736
SOC,0.365934
CA1so,3.5993960000000005
IC,1.1265740000000002
VISam4,0.059858
VISal,0.117892
CA1sp,0.936312
VISl,0.185148
VISpm2/3,0.292206
ORBl2/3,0.6211880000000001
vVIIIn,0.250156
CA1sr,3.729022000000001
VISrl,0.17074
SCdw,0.330292
VISl1,0.185148
CA2,0.121336
VISpl,0.19379
ECT2/3,0.4761500000000001
mct,0.00833
RSPv2/3,1.01297
CA2slm,0.121336
VISam5,0.227464
RSPd2/3,0.97245
fx,0.269618
CA2so,0.132618
ILA,0.151252
ORBl6a,0.4808800000000001
VISam6b,0.023626
RSPd1,0.8332400000000001
dhc,0.952736
CA2sp,0.0599
ORBl1,0.3754180000000001
vhc,0.064704
SSp-ul1,0.45982
BLAv,0.4194360000000001
CA2sr,0.161948
AUDpo6b,0.017638
SSp-tr6b,0.033666
CA3,2.0000000000000003e-06
alv,1.4031380000000002
VISpm6b,0.027996
CA3slm,0.6369720000000001
MG,0.17309
STR,2.6778220000000004
SSp-ll6a,0.528074
CA3slu,0.6687160000000001
ACAv,0.47824
bic,0.246498
ORBm1,0.420842
scwm,1.9622300000000004
ccb,3.1054620000000006
or,0.212552
ar,0.115864
CA3so,2.1126180000000003
ORBl6b,0.043734
MM,0.076958
CA3sp,1.3021980000000002
LGd-sh,0.207304
LGd-co,0.419172
LGd-ip,0.09585
PRC,0.170706
VISpm4,0.098818
CA3sr,1.5429800000000002
das,0.011846
MOB,4.298904
SSp-ll6b,0.049824
CB,0.8292620000000002
ENTl3,1.3170800000000005
AUDv6a,0.2811020000000001
ENTm1,1.2461000000000002
FRP5,0.3715840000000001
FRP6a,0.112222
FRP6b,0.000942
AUDd1,0.196898
ORBm6b,0.003708
df,0.03753
VISpm,0.19065
CEA,0.30932
lotd,0.12779
mfb,0.049344
PERI1,0.221266
TEa,0.525406
RSPv1,0.947416
ENTm2,1.2554340000000002
CEAc,0.30932
RSPd4,2.0000000000000003e-06
TH,0.9197800000000002
CEAl,0.259674
ILA2/3,0.140956
SSp-n1,0.4043260000000001
CEAm,0.7480060000000002
VISpm5,0.28712
VISl4,0.179084
SSp-ul4,0.5231300000000001
ORBm2/3,0.316968
ND,0.092372
ACAv1,0.47824
TT,0.7233700000000001
RSPv6a,0.6597300000000001
VISp1,1.2634300000000005
fr,0.167622
TTd,0.7233700000000001
AUDv6b,0.04605
int,2.375138
AUDd2/3,0.327356
VISal6a,0.111674
fi,1.5125360000000003
TTv,0.7174940000000001
MMl,0.212658
MMm,0.135784
MMp,0.037878
MMd,0.076858
IPR,0.08034
IPC,0.06847
IPA,0.025108
IPL,0.062012
IPI,0.031928
IPDM,0.01907
IPDL,0.03792
IPRL,0.019074
ORBvl6a,0.238782
RSPd5,1.20599
hbc,0.04779
VISl5,0.3145220000000001
Su3,0.042112
NLOT,0.111502
mlf,0.149098
ORBm5,0.47114
RSPv6b,0.0483
SSp-ul5,0.7922980000000002
ORBl5,1.2069040000000002
DG-sg,1.5990500000000003
cic,0.018154
GU6a,0.438828
AUDpo2/3,0.146946
COAp,1.2023360000000003
MOp5,3.2728440000000005
VISal6b,0.02225
SSp-n4,0.5481280000000001
COApl,1.2023360000000003
MOs1,2.3204260000000003
SSp-m2/3,1.4972440000000002
ll,0.8351280000000001
GU6b,0.039344
COApm,1.2953400000000002
ENTm3,0.983148
lot,0.8802580000000001
FRP2/3,0.232608
INC,0.079728
SSp-tr2/3,0.423734
RSPagl1,0.5072960000000001
mp,0.031742
AIv6a,0.167928
VISC,0.33507
AUDd4,0.132508
FRP1,0.25652
ORBvl6b,0.00963
mtg,0.056046
RSPv5,1.6787500000000002
mtt,0.129534
PERI5,0.168374
AIv2/3,0.5949280000000001
AUDpo1,0.112688
ml,0.6213120000000001
OLF,5.018622000000001
AIv6b,0.00306
SSp-n5,0.5673660000000001
CTXsp,0.3722440000000001
AIv1,0.248482
ILA1,0.151252
VISp4,1.02364
ORBl,0.3754180000000001
DG,4.306954000000001
ENTm5,0.911528
TEa6a,0.523472
VS,2.1515540000000004
ORBm,0.420842
MMme,0.076958
AUDp1,0.374988
VISl6a,0.207042
ENTm6,0.6225900000000001
ORBvl,0.385114
VISpl1,0.19379
cbp,0.453604
pm,0.033298
AUDv2/3,0.387476
AUDpo4,0.074198
epsc,0.112364
MOs5,4.523054000000001
mfbc,0.163494
P,3.6021080000000008
ACAv5,1.00256
RSPagl5,0.7332420000000002
cc,0.8568160000000001
VISp5,1.5526880000000003
mcp,1.0940820000000002
AId6a,0.7817240000000001
cst,0.084216
TEa6b,0.089758
AUDpo5,0.18135
drt,0.022312
PAG,4.308874
ZI,1.5589280000000003
VIIn,0.079034
grey,0.25652
AIv5,0.7204320000000001
sm,0.2707
PAL,1.1256200000000005
FF,0.240814
VISpm1,0.19065
SSs2/3,2.146234
VL,2.1515540000000004
ACAv6a,0.363392
ICc,1.1265740000000002
AUDp4,0.234926
ACAv6b,0.062062
ICd,1.323802
VISp2/3,1.9990400000000004
mfsbshy,0.049344
ILA5,0.33621
ICe,1.99519
AId6b,0.048282
IIIn,0.007824
SCzo,0.361242
ECT1,0.25852
SSp-n2/3,0.6409360000000001
PL6a,0.4651360000000001
In,4.151772000000001
tb,0.343806
SCsg,1.1528240000000003
MOp6a,2.8764280000000007
AUDp5,0.7138920000000001
IIn,0.070278
VISC6b,0.052158
SCop,0.6423880000000001
SSp-ul2/3,0.9789560000000002
VISC6a,0.5347560000000001
SSs6a,2.073148
rust,0.56849
PB,0.946458
VISpl4,0.036638
SSs1,1.2380640000000005
tsp,4.000000000000001e-06
SSp-m1,0.7806120000000001
RSPd,0.8332400000000001
MOp6b,0.183788
amc,0.163494
RSPv,0.947416
PERI2/3,0.3331100000000001
SSp-n6a,0.8048080000000001
SSs6b,0.208036
RSPagl,0.5072960000000001
ECT,0.25852
lfbst,0.119044
VISC1,0.33507
SSp-tr6a,0.232906
aco,0.7407740000000002
Vn,0.05955
VISpl5,0.242812
VISal2/3,0.199314
RSPagl6a,0.412238
act,0.212056
ORBm6a,0.186712
bsc,0.200776
Xn,0.009312
ENTl,0.9791420000000002
ACAd6a,0.6989280000000001
CENT,1.3356600000000003
PERI,0.221266
cpd,0.8857240000000002
ENTm,1.2461000000000002
ACAd6b,0.024716
CUL,6.7257760000000015
SSp-n6b,0.053516
moV,0.05955
VIIIn,0.250156
ACAd1,0.6058540000000001
AMBd,0.021208
cing,1.265742
MOp2/3,3.689292000000001
SSp-ul6a,0.942014
SSp-m4,0.9487500000000002
AUDp6a,0.297736
LRNm,0.512858
fa,0.8568160000000001
AUDv1,0.28531
cbf,0.066936
MOs2/3,3.8042320000000007
LRNp,0.056876
ee,0.093338
RSPagl2/3,0.6699460000000002
cm,0.013428
ORBvl1,0.385114
TEa1,0.525406
fp,1.6183740000000002
PL,0.5238340000000001
VISl2/3,0.301588
SSp-m5,1.2170800000000002
CENT2,1.3356600000000003
ECT6a,0.388414
SSp-bfd1,0.8395000000000001
lfbs,0.8568160000000001
CENT3,2.7437600000000004
MOp,1.3289820000000003
ccs,0.9430280000000002
ECT5,0.5298020000000001
AUDv4,0.213616
mfbs,0.163494
MOs,2.3204260000000003
AId1,0.459546
brain,3.5643200000000004
