unassigned,3.48891607
TMv,0.00053901
SSp-m,0.00057127
cst,0.011875690000000001
PSV,0.0055303800000000005
SSp-tr,0.00116453
SCm,0.01018752
IF,0.00043398000000000004
PT,0.00114976
SCm,0.010449050000000001
IG,0.00062845
ENTl,0.008022080000000001
AAA,0.0024718500000000003
SCm,0.00597414
IGL,0.0003421
ENTl,0.005243380000000001
PVa,0.00025391000000000004
VISp,0.00535432
III,0.00016266000000000002
GU,0.00098123
PVH,0.00094375
VISpm,0.00146103
SCm,0.0016514600000000002
PAG,0.00085353
ENTl,0.006585400000000001
mfsbshy,0.00024672
ACB,0.02200683
MT,0.00021679000000000002
IMD,0.0008820500000000001
IIIn,0.00074549
PVHd,0.00065321
AD,0.00080557
LT,8.942000000000001e-05
PAG,0.00039864
FRP,0.0012826
ADP,0.00049765
VISl,0.0010352100000000002
DT,5.7260000000000004e-05
cbp,0.00547041
VL-unassigned,0.01075777
IO,0.00255879
PL,0.00232568
AHN,0.0035529700000000003
IP,0.00429937
Vn,0.00029775
DCO,0.00306098
TEa,0.0026270300000000003
SEZ,0.00068242
IPN,5.525e-05
VCO,0.00508543
epsc,0.00056182
SOC,0.0009760700000000001
ISN,3.612e-05
chpl,0.00723016
SSp-ll,0.00323286
SOC,0.0016874700000000002
IV,3.629e-05
IIn,0.00155536
PVi,0.00102518
AIp,0.00211019
VISl,0.0001912
SOC,0.00182967
PB,0.0008760300000000001
IIn,0.00348664
PVp,0.00062279
MRN,0.02571628
V3-unassigned,0.00445594
LA,0.00420144
PL,0.00010684
PVpo,0.00073824
IRN,0.013887390000000001
ENTl,0.00714387
AQ,0.00202628
AMB,0.0001094
V4-unassigned,0.0024978300000000004
PRNr,0.011815270000000001
LC,7.243000000000001e-05
GU,0.00073315
PVT,0.00222242
V4r,0.0023084
LD,0.005082420000000001
AUDd,0.0009226900000000001
IIIn,0.00026230000000000003
AON,0.02431702
LDT,0.00101738
AIp,0.00401822
c,2.16e-06
PRP,0.0012201900000000001
PL,0.00261917
RCH,0.0007516500000000001
NR,0.00014996
LGv,0.00202871
GU,0.0020097400000000003
RE,0.00211977
LH,0.00172359
GU,0.00272659
AOB,0.00077227
RH,0.00045347000000000003
cst,0.00280365
LHA,0.01032254
AOB,0.0007865000000000001
RL,0.00027402000000000004
cst,0.00033675
SSp-bfd,0.0075802000000000005
MV,0.0090857
LIN,0.00030648000000000003
AOB,0.00138371
RM,0.0005846600000000001
AP,0.00026392
LAV,0.0014378300000000002
LM,0.00038722
ACAd,0.0030215700000000003
RN,0.00393883
APN,0.00638012
SUV,0.00176847
LP,0.006003430000000001
MOB,0.025919670000000002
RO,0.00019995
ARH,0.00142468
SPIV,0.0037453300000000003
LPO,0.0027998800000000003
MOB,0.00518447
Vn,0.00348139
RPA,0.00033307000000000003
AT,0.00021532000000000002
VISal,0.00101471
TEa,0.0015640900000000002
MOB,0.00535812
Xn,4.656e-05
RPO,0.00048585
AUDd,0.00015230000000000002
MOB,0.025217840000000002
RR,0.00068888
AUDpo,0.00039692000000000004
LSc,0.002818
AUDp,0.00236104
AUDd,0.0017153300000000002
AV,0.0020780200000000003
VISpm,0.0007598700000000001
LSr,0.00940958
NLOT,0.00055751
RT,0.007236800000000001
AVP,0.00046278000000000004
LSv,0.0030361800000000003
NLOT,0.0007479100000000001
VISpl,0.00102575
SAG,0.00049095
AVPV,0.0009059200000000001
RSPd,0.00378347
RSPagl,0.00017181000000000002
B,7.783e-05
VISam,0.00068019
SCH,0.00032888000000000004
BAC,3.8780000000000005e-05
ORBvl,0.0026165800000000003
TEa,0.00474616
BA,0.00012479
ACAv,0.00251137
MA,0.00182138
mfbc,0.00166693
BLA,0.0038480500000000004
PL,0.00210311
VISp,0.0008223600000000001
MARN,0.00266666
SF,0.0023715700000000004
BLA,0.0035561800000000004
MB-unassigned,0.03381441
AIp,0.00217869
SG,8.680000000000001e-05
MOp,0.00664491
SubG,0.0001343
SGN,0.00090446
cbp,0.00226802
BMA,0.0038371100000000003
AId,0.00462756
RSPd,0.00015505
ASO,3.107e-05
SH,0.00018498
BMA,0.0035888300000000003
PERI,0.00026947
IIn,0.00013943
SFO,0.00010358000000000001
SI,0.015135560000000001
AIp,0.00376288
SBPV,0.0005470000000000001
mfsbshy,0.00012514
SLC,0.00013367
BST,0.00670351
MY-unassigned,0.026597480000000003
AIp,0.00010315
PST,6.228000000000001e-05
SLD,0.00023606
MD,0.006916950000000001
PL,0.00489719
PSTN,0.00083253
SMT,0.00153168
PERI,6.574e-05
ICB,0.00026734
SNc,0.00098396
VISpl,0.00053637
drt,0.00011156000000000001
SNr,0.007749880000000001
CA1,3.0000000000000004e-08
SO,0.00023473000000000002
CA1,0.009628890000000001
VISpl,4.401e-05
rust,0.00018680000000000001
CA1,0.017996980000000003
VISam,0.00029929
MEA,0.01014291
CA1,0.00468156
ORBl,0.00310594
VIIIn,0.0012507800000000002
SPFm,0.00035037
CA1,0.01864511
VISl,0.0009257400000000001
SPFp,0.0006745900000000001
ECT,0.00238075
mfbc,4.165e-05
SPVC,0.00840451
RSPv,0.00506485
CA2,0.0006066800000000001
VISam,0.00113732
RSPd,0.00486225
mfbc,0.0013480900000000001
SPVI,0.00924193
CA2,0.0006630900000000001
ORBl,0.0024044
VISam,0.00011813000000000001
RSPd,0.0041662
mfbc,0.00476368
SPVO,0.00498185
CA2,0.0002995
ORBl,0.00187709
mfbc,0.00032352000000000005
SSp-ul,0.0022991
BLA,0.00209718
MEPO,0.00020130000000000001
CA2,0.0008097400000000001
AUDpo,8.819000000000001e-05
SSp-tr,0.00016833
CA3,1e-08
mfbc,0.007015690000000001
VISpm,0.00013998
STN,0.000973
CA3,0.0031848600000000003
STR-unassigned,0.013389110000000001
SSp-ll,0.00264037
CA3,0.00334358
VIIIn,0.0012324900000000001
MH,0.0016001400000000001
ORBm,0.00210421
CA3,0.01056309
ORBl,0.00021867000000000002
CA3,0.00651099
VISpm,0.00049409
SUB,0.01048697
CA3,0.0077149
VIIIn,5.923e-05
MOB,0.021494520000000003
SSp-ll,0.00024912000000000003
CB-unassigned,0.00414631
MPN,0.0020321000000000002
AUDv,0.00140551
MPO,0.00277765
SUM,0.00127361
ENTm,0.006230500000000001
AUDd,0.00098449
mfbc,0.00018765
MPT,0.00021894000000000001
SUT,0.0012980000000000001
In,0.00063895
PERI,0.00110633
RSPv,0.00473708
ENTm,0.00627717
CEA,0.0015466000000000002
RSPd,1e-08
TH-unassigned,0.0045989
CEA,0.00129837
cbp,0.00073088
ILA,0.00070478
SSp-n,0.00202163
CEA,0.00374003
MS,0.0020758400000000002
VISpm,0.0014356
TR,0.0070236100000000004
VISl,0.0008954200000000001
TRN,0.0034483200000000004
CL,0.0018046800000000001
ACVII,2.814e-05
SSp-ul,0.00261565
cc,0.0052013400000000005
NB,0.00043963000000000004
TRS,0.00177925
ORBm,0.0015848400000000001
CLA,0.00275369
PAG,0.00046186
ACAv,0.0023912
RSPv,0.00329865
CLI,0.00041588000000000004
VISp,0.0063171500000000005
mfsbshy,0.0008381100000000001
NDB,0.00369966
TT,0.00361685
AUDv,0.00023025
CM,0.00124785
AUDd,0.00163678
VISal,0.00055837
mfbc,0.0075626800000000004
NI,0.00054115
TT,0.00358747
ORBvl,0.00119391
SPA,0.00066314
RSPd,0.00602995
mfsbshy,0.00023895
NLL,0.0036189200000000003
VISl,0.0015726100000000001
TU,0.0026160800000000002
CUN,0.0027571400000000004
ORBm,0.0023557
V,0.0017737900000000001
RSPv,0.00024150000000000002
SSp-ul,0.003961490000000001
NOT,0.0010274000000000001
VAL,0.0040852200000000005
ORBl,0.006034520000000001
DG,0.00799525
VIIIn,9.077e-05
NPC,0.0014485400000000001
GU,0.0021941400000000002
COAa,0.00383738
NTB,0.0007722800000000001
AUDpo,0.0007347300000000001
MOp,0.016364220000000002
VISal,0.00011125000000000001
NTS,0.00424414
VI,0.00015166000000000002
SSp-n,0.0027406400000000004
COAp,0.00601168
MOs,0.01160213
SSp-m,0.007486220000000001
VIIIn,0.00417564
VII,0.00458449
GU,0.00019672
COAp,0.0064767
ENTm,0.00491574
In,0.00440129
FRP,0.0011630400000000002
SSp-tr,0.00211867
RSPagl,0.0025364800000000002
CP,0.13009385
mfsbshy,0.00015871
AIv,0.00083964
AUDd,0.0006625400000000001
CS,0.00300826
ORBvl,4.8150000000000005e-05
mfsbshy,0.00028023
VM,0.00464365
RSPv,0.00839375
VLPO,0.00032713
mfsbshy,0.00064767
PERI,0.0008418700000000001
VMH,0.00274727
AIv,0.00297464
AUDpo,0.00056344
drt,0.0031065600000000004
OLF-unassigned,0.025093110000000002
AIv,1.5300000000000003e-05
SSp-n,0.0028368300000000003
CTXsp-unassigned,0.00186122
AIv,0.00124241
OP,0.00029063
ILA,0.00075626
CU,0.00166562
VPL,0.00437837
VISp,0.005118200000000001
VPLpc,0.00049412
ENTm,0.00455764
arb,0.03460179
TEa,0.00261736
MM,0.00038479000000000003
VPM,0.008223300000000001
AUDp,0.00187494
VPMpc,0.0010762900000000001
ENTm,0.00311295
cbc,0.00033468
VTA,0.0021430900000000003
VISpl,0.0009689500000000001
mfsbshy,0.00016649000000000001
OT,0.019118430000000002
AUDv,0.00193738
VTN,0.00018765
AUDpo,0.00037099
OV,4.3320000000000005e-05
x,0.00028526
MOs,0.02261527
P-unassigned,0.018010540000000002
ACAv,0.0050128
XII,0.00141321
RSPagl,0.00366621
VISp,0.007763440000000001
PA,0.0048332900000000005
y,0.00011738
AId,0.003908620000000001
cst,0.00042108
TEa,0.00044879
PAA,0.00595806
AUDpo,0.00090675
Vn,0.008108830000000001
PAG,0.02154437
ZI,0.00779464
VIIn,0.00039517
AIv,0.00360216
mfsbshy,0.0013535
PAL-unassigned,0.0056281000000000005
ZI,0.00120407
VISpm,0.0009532500000000001
SSs,0.01073117
ACAv,0.00181696
IC,0.005632870000000001
cbp,0.00023160000000000002
DP,0.0025236
AUDp,0.00117463
ACAv,0.00031031
IC,0.006619010000000001
VISp,0.009995200000000001
ILA,0.0016810500000000001
IC,0.00997595
DMH,0.00188031
AId,0.00024141
IIIn,3.9120000000000005e-05
SCs,0.0018062100000000002
ECT,0.0012926
SSp-n,0.00320468
DMX,0.0008709700000000001
VIIIn,0.00171903
SCs,0.00576412
PAR,0.00466438
MOp,0.014382140000000002
DN,0.00167492
AUDp,0.0035694600000000004
IIn,0.00035139000000000004
VISC,0.00026079
cbp,0.00042534
SCs,0.0032119400000000004
PARN,0.011153070000000001
SSp-ul,0.0048947800000000005
VISC,0.00267378
PAS,0.00013954
SSs,0.01036574
rust,0.0028424500000000003
cbp,0.00142087
PB,0.00473229
VISpl,0.00018319
DR,0.00076446
SSs,0.00619032
PBG,0.00022382
SSp-m,0.0039030600000000003
DTN,0.00051867
MOp,0.00091894
mfbc,0.00081747
PERI,0.00166555
SSp-n,0.00402404
SSs,0.0010401800000000001
VISC,0.0016753500000000001
PCG,0.00270711
In,0.00370387
VISpl,0.00121406
ECU,0.00102362
VISal,0.00099657
RSPagl,0.00206119
PCN,0.00119056
mfbc,0.00106028
ORBm,0.00093356
IVn,3.402e-05
LING,0.0006081400000000001
PD,5.8330000000000006e-05
IIn,0.00100388
ACAd,0.0034946400000000002
cst,0.00442862
ACAd,0.00012358
SSp-n,0.00026758
PF,0.00242997
PG,0.004825230000000001
ACAd,0.00302927
DEC,0.01667374
AMB,0.00010604000000000001
mfbc,0.00632871
MOp,0.01844646
FOTU,0.00526699
SSp-ul,0.00471007
PH,0.00353557
von,6.714e-05
SSp-m,0.004743750000000001
PYR,0.00624009
EPd,0.00909891
AUDp,0.00148868
LRN,0.0025642900000000003
cc,0.00428408
UVU,0.010957670000000001
AUDv,0.0014265500000000002
PIR,0.05783407
MOs,0.019021160000000002
LRN,0.00028438000000000004
cc,0.00046669
RSPagl,0.0033497300000000004
EPv,0.00486361
NOD,0.007595490000000001
ORBvl,0.0019255700000000001
PGRNd,0.00119654
cc,0.008091870000000001
VISl,0.0015079400000000001
SSp-m,0.0060854
EW,0.00012729
CENT,0.006678300000000001
ECT,0.0019420700000000002
PGRNl,0.00353847
PMd,0.00066105
SSp-bfd,0.0041975
FC,0.00031105
CENT,0.013718800000000001
cc,0.0047151400000000005
ECT,0.0026490100000000003
FN,0.0025101800000000003
AUDv,0.0010680800000000001
AId,0.00229773
brain-unassigned,0.0178216
FS,0.00214234
PMv,0.0009751100000000001
AUDp,0.00027623000000000003
SSp-tr,0.0010282000000000002
SIM,0.02848024
fiber tracts-unassigned,0.007752960000000001
VISC,0.0009066500000000001
ACAd,0.00598761
In,0.02075886
PO,0.006263090000000001
MOs,0.01188865
GPe,0.00782408
AUDv,0.0030233400000000002
PRM,0.02441611
SSp-ul,0.00036622
POL,0.00102745
SSp-ll,0.0014978600000000002
GPi,0.0021178900000000003
COPY,0.0125308
SSs,0.00583582
POST,0.0054215900000000004
SSp-bfd,0.00648022
GR,0.00040812000000000004
PFL,0.028645700000000003
tsp,0.0025215700000000003
PP,0.00030572
ECT,0.00029676
VISam,0.0006931000000000001
SSp-bfd,0.00640802
GRN,0.01311877
FL,0.006686330000000001
tsp,2e-08
PPN,0.00446243
ILA,0.00102538
AN,0.028468900000000002
VISC,0.0035321700000000003
tsp,3.214e-05
PPT,0.00072415
SSp-bfd,0.00073277
AN,0.02555926
VISam,0.00103476
PPY,0.00047238000000000005
SSp-bfd,0.00604019
MG,0.00086545
VISal,0.00058946
PR,0.0007566200000000001
MG,0.0013822200000000002
ILA,5.414e-05
PRE,0.00458345
MOs,0.00036793000000000004
SSp-tr,0.00076373
MG,0.0012515500000000001
HPF-unassigned,0.00210517
SSs,0.010927580000000001
CUL,0.03362888
lfbst,0.00059522
PRNc,0.01174524
SSp-ll,0.0013641200000000001
AM,0.0012213500000000002
HY-unassigned,0.013796800000000001
MDRN,0.005525820000000001
AId,0.0075479300000000004
SSp-m,0.0082584
AM,0.0008317600000000001
IA,0.00091357
VISC,0.00269906
MDRN,0.00465565
cc,0.004146830000000001
PS,0.00048335
SSp-tr,0.0017650300000000001
IAD,0.0005577900000000001
VISal,0.00052076
VIIn,0.00014514
IAM,0.00021686
ENTl,0.00489571
cbp,0.00361261
ORBvl,0.0030997200000000003
TMd,0.00017853
TEa,0.0035079800000000004
SSp-ll,0.0027763
NLOT,0.00029198
ME,0.00040775
DG,0.02153477
DG,0.00345751
SSp-un,0.0008312
SSp-un,0.0016573800000000002
SSp-un,0.0009396500000000001
SSp-un,0.0012898900000000001
SSp-un,0.00147071
SSp-un,0.00012283000000000001
VISa,0.00119837
VISa,0.0021335900000000003
VISa,0.0007740000000000001
VISa,0.0017761900000000002
VISa,0.00111687
VISa,0.0001968
VISli,0.00037076000000000003
VISli,0.00058626
VISli,0.00028628000000000003
VISli,0.0007397300000000001
VISli,0.00039672000000000004
VISli,8.068000000000001e-05
VISrl,0.0008537000000000001
VISrl,0.00138195
VISrl,0.00073147
VISrl,0.00122147
VISrl,0.00075714
VISrl,0.00014259
VISpor,0.00124822
VISpor,0.00186986
VISpor,0.00030316
VISpor,0.00192584
VISpor,0.0009013100000000001
VISpor,0.00016363
ProS,0.006640790000000001
APr,0.0016331700000000002
scwm-unassigned,0.009811150000000001
cc,0.01552731
lfbst,0.00106276
lfbst,0.00057932
mfbc,0.00017564000000000002
LGd,0.00103652
LGd,0.00209586
LGd,0.00047925
FRP,0.00185792
FRP,0.0005611100000000001
FRP,4.710000000000001e-06
ORBm,1.8540000000000002e-05
RPF,0.00031084
MA3,8.178e-05
P5,0.0016070700000000002
Acs5,6.956e-05
PC5,0.00035354
I5,0.00022252
Eth,0.0011785600000000002
Xi,0.00043833
PIL,0.0008782200000000001
PoT,0.00139801
IntG,0.00011250000000000001
VMPO,0.00025064
PeF,0.00107127
HATA,0.0021089
Pa5,0.0005131700000000001
VeCB,0.00042573000000000003
SCO,7.239e-05
PDTg,0.00024014000000000001
MM,0.0010632900000000002
MM,0.0006789200000000001
MM,0.00018939
MM,0.00038429
Pa4,8.083000000000001e-05
PN,0.00010868000000000001
IPN,0.0004017
IPN,0.00034235
IPN,0.00012554000000000002
IPN,0.00031006
IPN,0.00015964
IPN,9.535e-05
IPN,0.0001896
IPN,9.537e-05
PAG,0.00021056000000000002
